"variable","bin","count","count_distr","neg","pos","posprob","woe","bin_iv","total_iv","breaks","is_special_values","points"
"LIMIT_BAL","[-Inf,40000)",3252,0.13580556251566,2079,1173,0.36070110701107,0.678106430279519,0.0734725869698053,0.169794364284086,"40000",FALSE,0
"LIMIT_BAL","[40000,140000)",8364,0.349285893259835,6201,2163,0.258608321377331,0.197214447087237,0.0143220204853509,0.169794364284086,"140000",FALSE,0
"LIMIT_BAL","[140000,380000)",10391,0.433934686377683,8623,1768,0.170147242806275,-0.334155218270679,0.0439693079417871,0.169794364284086,"380000",FALSE,0
"LIMIT_BAL","[380000, Inf)",1939,0.080973857846822,1712,227,0.117070654976792,-0.770038669736228,0.0380304488871428,0.169794364284086,"Inf",FALSE,0
