"variable","bin","count","count_distr","neg","pos","posprob","woe","bin_iv","total_iv","breaks","is_special_values","points"
"PAY_AMT1","[-Inf,500)",5332,0.222667668921741,3536,1796,0.336834208552138,0.572994694588667,0.0841975907553236,0.169240886333184,"500",FALSE,0
"PAY_AMT1","[500,5000)",12059,0.503591414014867,9437,2622,0.217430964424911,-0.0302718782136314,0.000457607124251005,0.169240886333184,"5000",FALSE,0
"PAY_AMT1","[5000,17500)",5298,0.221247807567026,4503,795,0.150056625141563,-0.483728136163184,0.0448773693355832,0.169240886333184,"17500",FALSE,0
"PAY_AMT1","[17500, Inf)",1257,0.0524931094963668,1139,118,0.0938743038981703,-1.01679246949746,0.0397083191180264,0.169240886333184,"Inf",FALSE,0
