"variable","bin","count","count_distr","neg","pos","posprob","woe","bin_iv","total_iv","breaks","is_special_values","points"
"PAY_AMT3","[-Inf,500)",6270,0.261839138060636,4362,1908,0.304306220095694,0.423553774730714,0.0523425334671754,0.116783379390077,"500",FALSE,0
"PAY_AMT3","[500,3000)",8874,0.370583813580556,6860,2014,0.226955149876042,0.0248442220426329,0.000230312708507394,0.116783379390077,"3000",FALSE,0
"PAY_AMT3","[3000,12500)",7031,0.293618976029399,5827,1204,0.171241644147347,-0.326424071790252,0.0284571021228451,0.116783379390077,"12500",FALSE,0
"PAY_AMT3","[12500, Inf)",1771,0.0739580723294078,1566,205,0.115753811405985,-0.782841027928284,0.0357534310915493,0.116783379390077,"Inf",FALSE,0
