"variable","bin","count","count_distr","neg","pos","posprob","woe","bin_iv","total_iv","breaks","is_special_values","points"
"PAY_AMT2","[-Inf,500)",5473,0.228555917480999,3727,1746,0.319020646811621,0.492152706404345,0.0626527171649903,0.153380058664222,"500",FALSE,0
"PAY_AMT2","[500,5000)",12120,0.506138812327737,9425,2695,0.222359735973597,-0.00153865948905776,1.19775856338554e-06,0.153380058664222,"5000",FALSE,0
"PAY_AMT2","[5000,10000)",3489,0.145702831370584,2914,575,0.164803668672972,-0.372483076473744,0.0181327502265389,0.153380058664222,"10000",FALSE,0
"PAY_AMT2","[10000,17500)",1555,0.064937776664161,1347,208,0.133762057877814,-0.61766822722499,0.0205954856537928,0.153380058664222,"17500",FALSE,0
"PAY_AMT2","[17500, Inf)",1309,0.0546646621565188,1202,107,0.0817417876241406,-1.16848441114919,0.0519979078603362,0.153380058664222,"Inf",FALSE,0
