"variable","bin","count","count_distr","neg","pos","posprob","woe","bin_iv","total_iv","breaks","is_special_values","points"
"PAY_3","[-Inf,-1)",3219,0.134427461789025,2601,618,0.191985088536813,-0.186733938506905,0.00444432560453756,0.409579910363585,"-1",FALSE,1
"PAY_3","[-1,2)",17350,0.724546897185334,14406,2944,0.169682997118156,-0.337446716116485,0.0747952052952417,0.409579910363585,"2",FALSE,2
"PAY_3","[2, Inf)",3377,0.141025641025641,1608,1769,0.523837725792123,1.34585211390493,0.330340379463806,0.409579910363585,"Inf",FALSE,-9
