"variable","bin","count","count_distr","neg","pos","posprob","woe","bin_iv","total_iv","breaks","is_special_values","points"
"PAY_0","[-Inf,0)",6767,0.28259417021632,5698,1069,0.157972513669277,-0.422962734548752,0.0446530233453935,0.879334204026489,"0",FALSE,18
"PAY_0","[0,1)",11742,0.490353294913556,10241,1501,0.127831715210356,-0.66983884895792,0.179910038760011,0.879334204026489,"1",FALSE,29
"PAY_0","[1,2)",2924,0.122108076505471,1918,1006,0.344049247606019,0.605127964700357,0.0518427486318613,0.879334204026489,"2",FALSE,-26
"PAY_0","[2, Inf)",2513,0.104944458364654,758,1755,0.698368483883804,2.08996961974165,0.602928393289224,0.879334204026489,"Inf",FALSE,-91
