"variable","bin","count","count_distr","neg","pos","posprob","woe","bin_iv","total_iv","breaks","is_special_values","points"
"PAY_4","[-Inf,-1)",3443,0.143781842478911,2766,677,0.196630845193146,-0.157057369828372,0.0033919346311497,0.363288313229161,"-1",FALSE,1
"PAY_4","[-1,1)",17687,0.738620228848242,14554,3133,0.177135749420478,-0.285445988470784,0.0554187631051664,0.363288313229161,"1",FALSE,1
"PAY_4","[1, Inf)",2816,0.117597928672847,1295,1521,0.540127840909091,1.41128618760971,0.304477615492845,0.363288313229161,"Inf",FALSE,-5
