"variable","bin","count","count_distr","neg","pos","posprob","woe","bin_iv","total_iv","breaks","is_special_values","points"
"PAY_6","[-Inf,-1)",3869,0.161571870040925,3079,790,0.204187128456966,-0.109898332979377,0.00189183505424978,0.293624345122368,"-1",FALSE,0
"PAY_6","[-1,2)",17615,0.735613463626493,14381,3234,0.183593528242975,-0.241759260265271,0.0401099438963727,0.293624345122368,"2",FALSE,1
"PAY_6","[2, Inf)",2462,0.102814666332582,1155,1307,0.530869212022746,1.37406296015238,0.251622566171745,0.293624345122368,"Inf",FALSE,-3
